id,price_USD
1599340,0
1245620,60
1142710,60
1332010,30
534380,60
920210,50
1449850,0
1446780,40
1361210,40
1811260,NA
1938090,70
1604030,35
1286680,60
975370,30
529340,50
1462040,40
648800,20
1817070,60
1687950,60
1904540,NA
1583230,40
1692250,NA
1593500,50
1313140,25
1255630,NA
1703340,25
1544020,60
1498570,30
824550,60
1029690,50
1253920,25
1708520,NA
261550,50
1846380,70
1817190,50
1824220,40
1361510,25
1818750,NA
1919590,NA
962130,40
1657630,30
368260,60
1044720,35
1475810,60
2208920,60
1608070,50
1237320,60
1611910,45
1621690,20
1496790,60
949230,50
1888160,60
1774580,70
2195250,NA
1272080,30
1326470,30
1364780,40
1282100,50
990080,60
1086940,60
2050650,40
1716740,70
1971870,50
1669000,50
2399830,45
1260320,20
668580,60
2252570,NA
671860,15
1868140,20
1448440,40
1304930,40
2073850,0
1693980,60
1562430,25
2338770,NA
1676840,0
2440510,70
2322560,10
1501750,30
2186680,50
2108330,NA
1888930,60
1971650,60
1171690,25
1527950,35
1938010,70
1817230,30
1677280,60
1627720,60
1144200,50
954850,50
1268750,30
1548850,40
2344520,50
1997040,0
2369390,60
1433140,20
1940340,40
1337520,15
2933620,70
2183900,60
1643320,60
2054970,70
1623730,30
1790600,70
2694490,30
2358720,60
553850,40
2669320,70
2878980,70
1363080,40
1145350,30
881020,60
1203620,30
899770,35
2300320,30
2479810,40
2074920,0
2767030,0
1778820,60
1845910,60
2215430,60
2429640,0
2688950,50
2161700,60
2139460,0
1928980,30
1326470,30
2321470,13
2420110,60
1934680,30
1575940,50
1371980,40
2552430,50
2881650,8
1604030,35
2406770,34
2701660,60
2679460,70
2072450,70
1601580,45
2677660,70
2515020,50
1672500,60
2322010,60
2567870,5
526870,40
2537590,70
2124490,70
